t,nvt_v,nvts_v,velocity_v,asol_v,msol_v,average_dormancy_v,liveliness_v,unrealized_profit_v,ssr_o,ssr_oscillator_v,bvin_v,investor_capitalization_v,sopr_adjusted,rhodl_ratio,cvdd,balanced_price_usd,hash_ribbon,difficulty_ribbon,puell_multiple,reserve_risk,hodler_net_position_change,cyd_supply_adjusted,stock_to_flow_ratio,soab,sol_1h,sol_more_10y,svab,pi_cycle_top
1606780800,28.166162143762644,48.67916237122134,0.035503594522246565,28.7118730300724,4.54967592592593,50.59910756734806,0.623235813767111,0.562502693297681,"{'h': 3.60675213538382, 'l': 1.4710368292139397, 'v': 2.7409985853397827}",0.37852255393224565,0.8462000000000001,24395212186.252865,,,,,,,,,,,,,,,,
1606867200,47.31125824553408,49.87510193225731,0.021136618155666878,28.0623066564892,4.25884095601737,51.495358203875796,0.624024817280243,0.567160247961812,"{'h': 3.6088520789074785, 'l': 1.4746336197441081, 'v': 2.7550336382912586}",0.3997543701296197,0.8195,24573930343.3193,,,,,,,,,,,,,,,,
1606953600,48.381705640860396,51.859187892481955,0.020668969536192988,27.9589718949646,4.27546808101789,40.66956743984171,0.624200359998839,0.577352032781556,"{'h': 3.6117236631314467, 'l': 1.4775547001343772, 'v': 2.8305447596794293}",0.5358630605235917,0.8159000000000001,24690234520.55022,,,,,,,,,,,,,,,,
1607040000,43.97301300185253,48.33193781607337,0.022741220847383625,26.5702630154272,4.43513776203824,33.499186344699325,0.624274321927057,0.547724104282804,"{'h': 3.6127550684516088, 'l': 1.4793487836524808, 'v': 2.6146239008789385}",0.12856805628722567,0.7881,24811024842.35997,,,,,,,,,,,,,,,,
1607126400,64.06824700936664,50.68434915075049,0.015608355881093518,26.2109696053118,4.23033447511494,37.38812433109883,0.624286052205049,0.563251555237008,"{'h': 3.6144484556922767, 'l': 1.481422878044285, 'v': 2.7084224726658013}",0.3009561769521456,0.8008,24888422089.237648,,,,,,,,,,,,,,,,
1607212800,74.07369978586846,51.423600914905506,0.013500068214370154,27.9362895878398,4.23571524490637,34.19471389720559,0.624201525655392,0.566749148374454,"{'h': 3.616309768415453, 'l': 1.4839618869508207, 'v': 2.7279947828637154}",0.333639659319405,0.8161,24952486621.833557,,,,,,,,,,,,,,,,
1607299200,42.05477987697975,50.489158456431305,0.02377850990839182,27.6269500740132,4.80147334872573,99.63727454196933,0.624498080261399,0.558095701663768,"{'h': 3.6176751463523367, 'l': 1.4877103372025848, 'v': 2.6829643587034058}",0.24464557605146048,0.8061,25043847358.730743,,,,,,,,,,,,,,,,
1607385600,45.46903065504802,47.2940255267547,0.021992991396419376,26.4778802908706,4.77979884305486,39.05172121765073,0.625234704978649,0.533452762522211,"{'h': 3.618147190065889, 'l': 1.4898868093871507, 'v': 2.5145092695079017}",-0.07425356516953682,0.7735,25184404147.742302,,,,,,,,,,,,,,,,
1607472000,34.33444355351698,49.00320961948148,0.029125271782584842,25.141271210885,4.26406244376191,30.98808726082946,0.62548258807413,0.54394299723847,"{'h': 3.6190442103730387, 'l': 1.4923646360109821, 'v': 2.599037483339579}",0.0815036936828012,0.737,25294864991.173363,,,,,,,,,,,,,,,,
1607558400,38.40595121997162,47.94202807322147,0.026037631362714076,27.6561432408624,4.2140162037037,28.29621781449474,0.625538736086395,0.534755745413837,"{'h': 3.6195421483250207, 'l': 1.495177130529493, 'v': 2.5362908567882267}",-0.039670739185666645,0.7559999999999999,25365555989.51894,,,,,,,,,,,,,,,,
1607644800,39.10335004178415,46.72631933241478,0.025573256483944297,27.784298717284,3.79533033205955,22.853628008025545,0.625558040975062,0.525094551070062,"{'h': 3.619797340779275, 'l': 1.4972952703331515, 'v': 2.4682709186833414}",-0.1701301273244879,0.7308,25418877068.6396,,,,,,,,,,,,,,,,
1607731200,66.09756895080649,48.845022743067005,0.015129149466060636,25.5718051976069,3.8033991555566,18.053413959425683,0.62542154707367,0.539335756618509,"{'h': 3.6203572461315012, 'l': 1.5002801155084502, 'v': 2.5552750388503775}",-0.00951595938986583,0.705,25452416789.419746,,,,,,,,,,,,,,,,
1607817600,69.52207546147464,51.16308204870571,0.01438392040747037,25.4921525060272,4.03637254340229,33.720135583907904,0.625242352885909,0.553525372030352,"{'h': 3.621484726881349, 'l': 1.5030162282486264, 'v': 2.6441676459293046}",0.1546724313666915,0.7378,25489180666.90561,,,,,,,,,,,,,,,,
1607904000,54.69785447576356,50.960065650013306,0.018282252742529356,25.4822056151488,4.1546047309041,88.15780700628682,0.625432305739229,0.549234550279158,"{'h': 3.6224196300980323, 'l': 1.5045133194430989, 'v': 2.623252284402436}",0.1129149279759834,0.7301000000000001,25566851229.90537,,,,,,,,,,,,,,,,
1607990400,47.55901112013769,51.430436673390005,0.021026509518331314,23.8672596827275,3.94015100231601,55.971927824981385,0.625967303424561,0.550165217382578,"{'h': 3.6234775916563473, 'l': 1.5060188437254107, 'v': 2.646065478884923}",0.15361293111094185,0.736,25695520871.935944,,,,,,,,,,,,,,,,
1608076800,35.283368581764776,55.67184606849619,0.0283419650729387,27.9862560377236,4.62396470902695,23.40870012680906,0.626063914894438,0.579071526691774,"{'h': 3.625360410446323, 'l': 1.5063934596915385, 'v': 2.8550828154735712}",0.5459375009159524,0.84,25790642048.96363,,,,,,,,,,,,,,,,
1608163200,23.681285430420022,56.065252185992236,0.042227437481727255,32.6431401203225,4.78815829768501,85.2240525856371,0.626852630915291,0.578620496650034,"{'h': 3.6279630411055486, 'l': 1.5073191644032298, 'v': 2.869111828405684}",0.5686399851729808,0.8049,26094558050.62602,,,,,,,,,,,,,,,,
1608249600,37.81733168095807,56.58309834877678,0.026442902117907063,27.187702608486,3.16853519780216,29.54929728430197,0.628014289607783,0.58286373563254,"{'h': 3.629866439086163, 'l': 1.5075027899629168, 'v': 2.8910371854835692}",0.6075350397038585,0.8345999999999999,26377421043.381275,,,,,,,,,,,,,,,,
1608336000,38.4396552153196,56.751747194432056,0.02601480149596825,31.2359292115398,4.09631938101793,565.9661278447873,0.630127447350383,0.57763591324546,"{'h': 3.63275683204344, 'l': 1.5084468740873895, 'v': 2.8960878427481105}",0.6128785273800045,0.8859,26779792155.578316,,,,,,,,,,,,,,,,
1608422400,65.32235473848851,55.42123335591026,0.015308694917741401,30.2989103718487,3.72645954687562,31.752480966518423,0.636496068295863,0.56653541119976,"{'h': 3.63435655625979, 'l': 1.5091663739283514, 'v': 2.787944722671829}",0.40689677446296973,0.8898999999999999,27402770579.69679,,,,,,,,,,,,,,,,
1608508800,33.56589921477922,52.53632396679873,0.02979214093450222,24.9172424647467,3.66791159097243,33.203475387738465,0.636492946220216,0.548199270333027,"{'h': 3.6349957954414895, 'l': 1.5096458282872671, 'v': 2.66592028934609}",0.17615824015475157,0.8917,27484504870.728424,,,,,,,,,,,,,,,,
1608595200,37.7319863802419,54.32492550679019,0.02650271284216416,25.2961063176558,3.94345508715345,62.14478253346517,0.636864659680511,0.561068848701115,"{'h': 3.636496993568439, 'l': 1.5105504565557202, 'v': 2.759100391172522}",0.34916525487269545,0.8944,27564946060.33038,,,,,,,,,,,,,,,,
1608681600,40.87601227178543,50.073684269106266,0.024464225946283114,34.6727245693671,4.52680650115841,43.65461789122944,0.637510771169154,0.531682467868595,"{'h': 3.6365550898487884, 'l': 1.5106250111159272, 'v': 2.5472182029644688}",-0.04961940711353512,1.0022,27683115412.293343,,,,,,,,,,,,,,,,
1608768000,40.32257995281221,52.01146903518671,0.024800000425822383,38.4818580055773,3.25362247928149,18.209571102758655,0.637454678902891,0.547379605919371,"{'h': 3.6370293935242755, 'l': 1.5110109661451225, 'v': 2.6441102687520206}",0.13187108449238602,0.8935,27717368444.14714,,,,,,,,,,,,,,,,
1608854400,65.60081254323342,53.07964651259345,0.015243713625360391,26.4797964300975,3.26852290578738,29.398815066095104,0.637315170552041,0.555469729397544,"{'h': 3.6376268438589907, 'l': 1.5114015376723235, 'v': 2.6793160293953084}",0.197160363626018,0.8793000000000001,27764573993.141907,,,,,,,,,,,,,,,,
1608940800,58.263797292878145,53.709875382933994,0.017163316612771387,31.3684397735075,3.38167228414229,19.350741326862916,0.637090226261367,0.5607228079923,"{'h': 3.638608846305856, 'l': 1.5120180341588847, 'v': 2.7156156888397898}",0.2639007895755411,0.9679000000000001,27813157374.414,,,,,,,,,,,,,,,,
1609027200,34.16697961344421,57.47338703858994,0.029268024604858972,39.7849641519292,3.64712171365817,42.60791338226078,0.637125983936418,0.587756535523986,"{'h': 3.6413984497095297, 'l': 1.5125564110062932, 'v': 2.9224573139021626}",0.6491414154047745,0.9164,27929752398.6764,,,,,,,,,,,,,,,,
1609113600,32.14317651343243,60.64268035385184,0.031110801995008378,36.3794538594356,3.53493423611202,46.51989941820446,0.637628973125957,0.608303897963092,"{'h': 3.64717263075142, 'l': 1.5135397377999378, 'v': 3.1054144933565153}",0.9843461090525588,0.9007,28216669103.669594,,,,,,,,,,,,,,,,
1609200000,27.878889214914302,60.009978786789596,0.03586943483619973,35.8061751256553,3.40943287037037,55.86659729951674,0.63808213759228,0.602984425841438,"{'h': 3.6528006840451654, 'l': 1.5141643212439908, 'v': 3.1082227411184014}",0.9814482678794845,0.9595,28519669163.00777,,,,,,,,,,,,,,,,
1609286400,31.453602025922866,60.90067322048991,0.03179286109030813,43.2020315908517,3.25953468240798,24.70098560251933,0.638739155985958,0.610451706532764,"{'h': 3.65916233249649, 'l': 1.514401723358895, 'v': 3.163535100478447}",1.0756502522352196,1.0149,28983428802.26493,,,,,,,,,,,,,,,,
1609372800,37.9830670217261,59.228360129448774,0.02632752114061789,29.9621132170184,2.96164627465385,49.37766728606492,0.639052727574671,0.601172015388331,"{'h': 3.664380871189882, 'l': 1.5155327074350358, 'v': 3.0785982975920057}",0.9095877810663109,0.9837,29254856915.567524,,,,,,,,,,,,,,,,
1609459200,45.90011331278317,58.053138978452495,0.021786438590806274,31.4126445892499,3.33807563588023,26.970945184156,0.639150468463058,0.595952491127211,"{'h': 3.6684911373443745, 'l': 1.5172690537583164, 'v': 2.9928723201125744}",0.7437488255874488,0.9168999999999999,29421153024.819435,,,,,,,,,,,,,,,,
1609545600,44.93693221671818,61.07147396609264,0.022253410517150598,29.8953157857502,3.22862268518519,34.355583724454945,0.639165943678683,0.616573540477883,"{'h': 3.674524720438462, 'l': 1.5180613361650237, 'v': 3.142610716012686}",1.0133586161399348,1.0979999999999999,29588582826.305603,,,,,,,,,,,,,,,,
1609632000,19.7505340626698,75.44324171429403,0.050631542257385614,42.6637222048458,3.46590277777778,57.668206397976654,0.639629698572039,0.688695893319432,"{'h': 3.6992604687641086, 'l': 1.5085971206084676, 'v': 3.972138169675051}",2.4982558386083067,1.0772,29965698049.11546,,,,,,,,,,,,,,,,
1609718400,15.116929472568163,75.80734107607056,0.06615099989813694,47.5115189958491,2.5229703096052,82.16546009072215,0.641886129125845,0.692798800816761,"{'h': 3.7291531284498562, 'l': 1.4959326029098976, 'v': 4.152638848663021}",2.7585202005265868,1.0951,31261671852.33364,,,,,,,,,,,,,,,,
1609804800,24.180218433257203,78.00506807427429,0.04135611937337221,36.6366777215166,2.41850279826257,57.0817320397422,0.643964919174313,0.704173323700052,"{'h': 3.7640746199923614, 'l': 1.4802429718263912, 'v': 4.3218942106500755}",2.976988984465069,1.1691,32361959738.350624,,,,,,,,,,,,,,,,
1609891200,20.353712519270182,82.11833974141572,0.049131085989999865,43.0873650693381,2.77824062928281,64.8792296817641,0.645199492233247,0.719420324911044,"{'h': 3.811072471685698, 'l': 1.4558934533082242, 'v': 4.673608316953074}",3.464917678931418,1.2539,33172309237.31885,,,,,,,,,,,,,,,,
1609977600,20.37201879147445,80.28637885857009,0.049086936853724734,46.5603637761299,3.0718384762743,63.000608688259085,0.64687589183767,0.712759310398945,"{'h': 3.8541111189904873, 'l': 1.434930444175771, 'v': 4.607897300835924}",3.24634954254199,1.3241999999999998,34980435881.793304,,,,,,,,,,,,,,,,
1610064000,19.360627324566895,77.0825918037845,0.05165121890090255,39.1189582958033,2.64833723402686,42.12940925836729,0.648134090827438,0.706457684569555,"{'h': 3.8914844066500667, 'l': 1.4170774403336317, 'v': 4.490715914819152}",2.968687069388817,1.3609,36187617733.71804,,,,,,,,,,,,,,,,
1610150400,35.9857546826867,79.79983836300082,0.027788773886159888,36.3035623029077,3.11578993796198,47.262024840462026,0.648800514922664,0.718046689844697,"{'h': 3.934654874029609, 'l': 1.3955990636411422, 'v': 4.678158570129736}",3.1713073703352337,1.4450999999999998,37147297222.439804,,,,,,,,,,,,,,,,
1610236800,34.13371418689819,77.10637423430786,0.02929654811441053,43.5528343342688,3.42237202928298,46.33164615095964,0.649223076483635,0.709882066420584,"{'h': 3.9726604763351725, 'l': 1.3789341713069028, 'v': 4.559318174486785}",2.9047333899714887,1.3259999999999998,37818670256.51276,,,,,,,,,,,,,,,,
1610323200,17.06140187715045,63.98875290050911,0.058611830797987,37.6873896434558,2.80014094143554,60.52816726381031,0.650529762797179,0.666357725013419,"{'h': 3.990840796891839, 'l': 1.3756632902154493, 'v': 3.8933964175964513}",1.8509556172816288,1.4380000000000002,38511275276.45515,,,,,,,,,,,,,,,,
1610409600,31.47269105005891,60.27719641917559,0.031773577874527774,30.2938633380523,2.59513973078794,36.0523339975288,0.651329319036516,0.651867987311738,"{'h': 4.005220579305821, 'l': 1.3748982676399097, 'v': 3.7320809874769885}",1.584629472034794,1.39,38903390743.237686,,,,,,,,,,,,,,,,
1610496000,29.59906853021542,64.15093787835637,0.0337848469447333,30.282940996842,3.03875479791727,67.41563353688342,0.651965035928787,0.672503478367353,"{'h': 4.026643070733826, 'l': 1.3710601345978595, 'v': 4.048261644936151}",2.0325632069827666,1.5258,39333248113.17515,,,,,,,,,,,,,,,,
1610582400,17.297031251836092,66.84410424651087,0.05781338921347264,31.3548049690077,3.32524807349399,103.98893426358835,0.654426716314653,0.689111238905576,"{'h': 4.056220426298399, 'l': 1.3618859002700132, 'v': 4.359176129574766}",2.449767020909526,1.4821,40899306068.77427,,,,,,,,,,,,,,,,
1610668800,30.777069515422152,62.74549869646124,0.032491722433122094,32.5369891623333,3.55161737986185,41.105036813688585,0.656088179583984,0.674857605559718,"{'h': 4.0795017917731675, 'l': 1.356611112925565, 'v': 4.150823290271954}",2.104773208932459,1.5174,42113010237.671234,,,,,,,,,,,,,,,,
1610755200,40.16687852285487,65.31037968222273,0.02489613424730035,32.947145235453,3.82035810752323,29.391029289132423,0.656315939611055,0.689665885962579,"{'h': 4.108163623020172, 'l': 1.3482327745930054, 'v': 4.363071408550678}",2.3694408295421954,1.3733000000000002,42460498490.4861,,,,,,,,,,,,,,,,
1610841600,48.016027502159886,64.35231149795328,0.020826379274191672,31.9481387595304,3.83416666666667,35.9788464986088,0.656375518793568,0.687194797264775,"{'h': 4.1349863884621705, 'l': 1.340762567012151, 'v': 4.3157911748366145}",2.258826490543078,1.3386000000000002,42783610719.52906,,,,,,,,,,,,,,,,
1610928000,40.0165216371348,64.94039515663329,0.024989678240100042,31.4171743562712,3.99200400752326,39.441148716787204,0.656548652721236,0.69288871611016,"{'h': 4.163581296425625, 'l': 1.3328535070505831, 'v': 4.397729431493508}",2.330866338963065,1.3819,43113370681.47999,,,,,,,,,,,,,,,,
1611014400,21.05491808997186,69.05379087500049,0.04749484161974892,40.390957741249,3.9305754606481,49.34817463036112,0.65709580256363,0.713315187714751,"{'h': 4.204247126420882, 'l': 1.3172912853878762, 'v': 4.810092046460939}",2.8394238823178877,1.3485,43828278495.68587,,,,,,,,,,,,,,,,
1611100800,19.86260287083567,67.34367813848971,0.05034586889255605,37.757490527351,3.96951095740828,56.19798884939299,0.65844220410908,0.70812237292712,"{'h': 4.242487982416881, 'l': 1.3033822572071534, 'v': 4.76387309582656}",2.709583338819803,1.2878999999999998,44980492432.42902,,,,,,,,,,,,,,,,
1611187200,26.273120846193397,53.512249325554,0.038061713560948576,30.1419166419379,3.46061417777781,28.653939286385956,0.659137978200243,0.645256798675417,"{'h': 4.256372239492848, 'l': 1.3047176315011695, 'v': 3.8412870173557336}",1.4374880841230397,1.331,45602341581.11165,,,,,,,,,,,,,,,,
1611273600,24.868295489029816,57.732008745765285,0.04021184324599695,26.4710705805925,2.86442153749918,65.9035719030204,0.659355130936531,0.670986978619335,"{'h': 4.27871967342223, 'l': 1.3002848362372899, 'v': 4.234803664168499}",1.941021359667902,1.1536,45773498522.2538,,,,,,,,,,,,,,,,
1611360000,47.07474675566675,56.840745513325565,0.021242812100303488,30.2732651513291,3.32828767187617,29.80107046365135,0.660499388156884,0.668943395126914,"{'h': 4.299685752336452, 'l': 1.2969275760939112, 'v': 4.190715162583731}",1.85483933989106,1.1540000000000001,46609819289.96433,,,,,,,,,,,,,,,,
1611446400,37.243342096935145,63.52053832993811,0.0268504367142253,40.0269058623707,3.46041626851868,23.201007648810894,0.660425548783087,0.70397540975704,"{'h': 4.334351942444979, 'l': 1.2843820679620739, 'v': 4.71725893180651}",2.5021780609245523,1.1540000000000001,46874571668.73653,,,,,,,,,,,,,,,,
1611532800,28.83980652257165,59.26767401641235,0.03467429641795079,31.2662184933323,3.45798647465253,30.502097802404542,0.660591433841222,0.686979938821435,"{'h': 4.36151078986043, 'l': 1.277408477923741, 'v': 4.4719551257499175}",2.143243413763576,1.1153,47441425600.14593,,,,,,,,,,,,,,,,
1611619200,28.853543902584832,59.59636796986104,0.03465778773575247,28.9489658928821,3.46586321087899,23.425123843439383,0.660700806655123,0.691926920497223,"{'h': 4.391032044200816, 'l': 1.2692765380648117, 'v': 4.577062128597938}",2.23836598866435,1.1601000000000001,47805211958.39073,,,,,,,,,,,,,,,,
1611705600,29.196716776213645,54.18402181289107,0.034250426432012135,25.3960119821521,3.25733266365749,51.77090424777548,0.661294679250165,0.666756480640467,"{'h': 4.410518073422938, 'l': 1.2675165591897166, 'v': 4.190187303980603}",1.719591901633446,1.2609000000000001,48254010503.381065,,,,,,,,,,,,,,,,
1611792000,33.99882962959019,56.89667179823906,0.029412777171884476,26.5981206346703,3.18296927951276,22.07239129024923,0.661408065777061,0.683610939974494,"{'h': 4.434826339063454, 'l': 1.2628015118522973, 'v': 4.408227125134788}",1.9664577481229215,1.3671,48503021062.12874,,,,,,,,,,,,,,,,
1611878400,21.890386327542437,57.48969392794196,0.045682154030411155,30.3973885771722,2.92320601851852,22.210198628130943,0.661446404606108,0.692052721216367,"{'h': 4.462083473773377, 'l': 1.2567211496407982, 'v': 4.540421151314343}",2.0977582808048574,1.2284,48882935800.99262,,,,,,,,,,,,,,,,
1611964800,35.51241130982115,56.34121728782647,0.028159169234544337,26.8556648856415,2.65848760798574,14.356807855858204,0.661525618054014,0.690881863664481,"{'h': 4.485126554858322, 'l': 1.2532391616320464, 'v': 4.387908818797076}",1.8796768275218931,1.2211,49323049519.2487,,,,,,,,,,,,,,,,
1612051200,38.623306466183216,53.29051341631346,0.025891102846814885,26.9826804050685,2.67415607488542,21.177073030277217,0.661362171825783,0.676452077113539,"{'h': 4.50301793609526, 'l': 1.2529343409861267, 'v': 4.172074382984038}",1.592695334225569,1.246,49508853641.196465,,,,,,,,,,,,,,,,
1612137600,36.59606319566084,54.79954090333643,0.02732534356642408,26.5271060394906,2.5008886630778,23.124302187865165,0.661323396777906,0.687390356036517,"{'h': 4.523789244907526, 'l': 1.251699919699724, 'v': 4.318852773830191}",1.7494732561259523,1.218,49797470783.55403,,,,,,,,,,,,,,,,
1612224000,23.05780252806974,59.376891116884366,0.04336926724837009,30.4431052122141,2.58064719259187,35.076233060911235,0.661427857526669,0.711707977372217,"{'h': 4.555315844299734, 'l': 1.2442608692786357, 'v': 4.76372765957365}",2.2517769313360168,1.2405,50312990394.3625,,,,,,,,,,,,,,,,
1612310400,24.491254804021708,63.65536932821246,0.040830900989025275,34.3012521944723,2.41560371782493,34.80835440766099,0.662052203961977,0.731632313191334,"{'h': 4.598304671855205, 'l': 1.2291709102383543, 'v': 5.170866426009475}",2.679773252908187,1.3109,51417577308.744576,,,,,,,,,,,,,,,,
1612396800,22.86194734098832,59.7235782058122,0.0437408058502146,29.8177892180924,2.09393924722241,30.37513487076894,0.662540999650049,0.7157088410691,"{'h': 4.6321733141158905, 'l': 1.2202334278263787, 'v': 4.894211034239094}",2.3072008638559796,1.3122,52744189594.41971,,,,,,,,,,,,,,,,
1612483200,27.129937258571086,63.07833970205074,0.036859650299562445,29.2775914325466,1.74418158819554,26.456349218992735,0.662736215581515,0.732603585231911,"{'h': 4.674051542334423, 'l': 1.206527003124724, 'v': 5.190186165250681}",2.5953926117378168,1.4105,53487247770.95206,,,,,,,,,,,,,,,,
1612569600,33.45387335258017,60.53243352076337,0.029891904876326494,28.8538499565307,1.95239368391258,25.19019854427306,0.662852913954273,0.722227060232374,"{'h': 4.710146885460164, 'l': 1.1959883561945015, 'v': 5.020742296436745}",2.35353602677849,1.4212,54250483822.73459,,,,,,,,,,,,,,,,
1612656000,39.17465038974249,57.529046238532395,0.025526711535422932,30.1904434232881,2.30072374016322,24.485129893343018,0.662896692496106,0.711251819678457,"{'h': 4.738680433008189, 'l': 1.1893998840551558, 'v': 4.762350704924658}",2.0266761351659857,1.4555,54986948051.76485,,,,,,,,,,,,,,,,
1612742400,28.909256826672838,61.028729646457194,0.034590996440882565,30.4571829584367,2.43313470694478,50.0779342138074,0.662971414869358,0.727492374583848,"{'h': 4.775535422793787, 'l': 1.177829909807013, 'v': 5.090090561663162}",2.3497286120099754,1.716,55419513052.01891,,,,,,,,,,,,,,,,
1612828800,32.186385145364085,60.791239340150284,0.0310690372803183,33.3193291134243,2.05791666666667,31.7123879490184,0.663583968106348,0.728396004526051,"{'h': 4.809250601811007, 'l': 1.168174257102114, 'v': 5.001234365776904}",2.210908803650747,1.7429,56437699815.726,,,,,,,,,,,,,,,,
1612915200,32.26597099006594,59.075520785008,0.03099240374039512,31.0745131574434,1.8766852508099,24.208062829333322,0.663730695699744,0.721571030228515,"{'h': 4.837150226942401, 'l': 1.16013005737984, 'v': 4.814434032099773}",1.9752884740413805,1.1858,57165322079.14626,,,,,,,,,,,,,,,,
1613001600,38.35198963747812,59.76050986150704,0.0260742665361691,29.8969936532983,2.04130417199047,33.4898396160502,0.663761498530676,0.726189027044449,"{'h': 4.864898109506884, 'l': 1.151972400511077, 'v': 4.829580811517923}",1.9619520553256509,1.185,57659747610.77211,,,,,,,,,,,,,,,,
1613088000,34.89759587520339,60.779966399276134,0.02865526907859442,29.4485356901359,2.03289351851852,35.2256262087297,0.663990093657301,0.732694378581351,"{'h': 4.8945948097551835, 'l': 1.1418578704778148, 'v': 4.941061229528645}",2.0495280330333085,1.188,58289330836.02195,,,,,,,,,,,,,,,,
1613174400,52.32311426824335,59.19600609250733,0.019112012233700956,29.4207183467524,1.90941292083374,39.126824551879906,0.664059374063264,0.726659237931735,"{'h': 4.920115614283822, 'l': 1.134787578676922, 'v': 4.777569803261571}",1.849370189657133,1.1798,58814090494.00194,,,,,,,,,,,,,,,,
1613260800,53.90027419233518,58.52204734032264,0.01855278131668955,29.5735730632306,2.18383172233899,54.17336565295788,0.664112153133855,0.724809366008355,"{'h': 4.943622396953368, 'l': 1.1289616989828355, 'v': 4.703941993668777}",1.7486744722411558,1.1683,59209128308.995735,,,,,,,,,,,,,,,,
1613347200,42.24525698579394,57.021979424815115,0.023671296409352557,26.3706981413651,2.16046282002219,44.690392788594046,0.664281574823747,0.719447155834739,"{'h': 4.963828206207551, 'l': 1.1238305903100736, 'v': 4.597897334541587}",1.6188217720229607,1.1735,59629189147.23722,,,,,,,,,,,,,,,,
1613433600,41.194891322786525,56.600092707859666,0.024274854669827966,25.9120072255161,1.9909375,34.28788334894493,0.664484398897967,0.717814092618362,"{'h': 4.983055489778604, 'l': 1.1185547602903825, 'v': 4.590609156847165}",1.5937934958201856,1.2006999999999999,60000274557.4308,,,,,,,,,,,,,,,,
1613520000,36.80402838666083,57.80027613416298,0.02717093872154597,27.8922150269477,2.37784329594837,39.37616210348123,0.66473243833534,0.724644697047553,"{'h': 5.001880445247316, 'l': 1.111233064781705, 'v': 4.730548756993887}",1.7210421179613993,1.2989,60590564008.60427,,,,,,,,,,,,,,,,
1613606400,30.849481671130516,59.820187913582835,0.03241545548999669,30.8555495201418,2.42164389814768,40.33859887119217,0.664966541942492,0.733367496832683,"{'h': 5.025741482443432, 'l': 1.1019873917641723, 'v': 4.8973022680798834}",1.8690649705406854,1.1699,61405948422.473114,,,,,,,,,,,,,,,,
1613692800,38.23330112747132,59.932670612647414,0.026155209477360088,32.4443861774859,2.40555369224537,35.34001626467814,0.665211943027952,0.734360144570338,"{'h': 5.048392426671598, 'l': 1.0926567970034837, 'v': 4.91560499886358}",1.8657266913267827,1.1478,62146142418.833336,,,,,,,,,,,,,,,,
1613779200,32.73644792246603,57.82951545900749,0.03054699160912111,33.4125926509362,2.37798986967515,32.449713021659505,0.665410526209178,0.727184285058035,"{'h': 5.065489855507423, 'l': 1.0863483604910977, 'v': 4.688551989112642}",1.6210862399672128,1.0979,62879597446.94562,,,,,,,,,,,,,,,,
1613865600,49.918001603839194,58.016806673766276,0.020032853236718714,33.912911602233,2.47507921805536,45.663056738967896,0.665535264720643,0.728548265460223,"{'h': 5.081071221724041, 'l': 1.080393514226869, 'v': 4.675417627344123}",1.594415122598121,1.1508,63372755300.552666,,,,,,,,,,,,,,,,
1613952000,27.854696702204723,52.57359029661537,0.035900588352873686,30.2560984624816,2.2436369572911,34.86423764587876,0.6657192960752,0.70622993934871,"{'h': 5.089447307027788, 'l': 1.0780777095477476, 'v': 4.26871816910567}",1.1815970899936978,1.2473999999999998,63754520509.68315,,,,,,,,,,,,,,,,
1614038400,16.480148323253356,44.91282909085016,0.06067906552691689,28.5571819935732,1.64782670059138,65.93325633799115,0.667388691727564,0.666809884372209,"{'h': 5.091416393658253, 'l': 1.0780426578406992, 'v': 3.7006738927516962}",0.6138918601127962,1.2639,64723406405.32207,,,,,,,,,,,,,,,,
1614124800,29.733459386499057,46.213675543128495,0.033632144413510985,23.4921857723414,1.74105356388898,25.36643672014523,0.668074282792161,0.674421233242196,"{'h': 5.093971328347722, 'l': 1.0777407309360427, 'v': 3.8342999404866913}",0.7454192608633129,1.1287,64985994424.574005,,,,,,,,,,,,,,,,
1614211200,34.67994073647052,41.46922661307656,0.028835112712530347,23.3672323376986,2.19856473634364,29.3091966312615,0.668094463391645,0.651497893455464,"{'h': 5.092734200192741, 'l': 1.0776428064920642, 'v': 3.4470913288720744}",0.3605425531259044,1.1301999999999999,65177051787.420044,,,,,,,,,,,,,,,,
1614297600,27.750459879285593,40.1057692097859,0.036035438848581125,24.3257925904303,2.49130634907495,35.600700016533445,0.668492831390782,0.64346650052472,"{'h': 5.090270941007702, 'l': 1.0774023006930578, 'v': 3.361808743258972}",0.27708070941170587,1.1195,65410324401.90729,,,,,,,,,,,,,,,,
1614384000,45.070951625783685,40.545173503706444,0.022187239539622483,25.8648594442525,3.02050707974644,26.834785070755615,0.668524436861066,0.647150000489912,"{'h': 5.089572799949977, 'l': 1.0772922918159717, 'v': 3.4082466412683976}",0.3238199270733288,1.1171,65478121767.059006,,,,,,,,,,,,,,,,
1614470400,34.40624817453522,38.793621703496626,0.029064488372205627,26.5794061828297,3.18368541203715,29.7009232737056,0.668622943274153,0.63660433262242,"{'h': 5.0871966825159305, 'l': 1.0768124420942051, 'v': 3.272844195844213}",0.19034548521871983,1.1184,65594196096.97429,,,,,,,,,,,,,,,,
1614556800,34.60051066815292,42.73128429472723,0.028901307544007503,24.1099404997617,3.18553569664282,18.122860835208556,0.668553345985702,0.660301614415341,"{'h': 5.084044653692483, 'l': 1.0772445053279336, 'v': 3.605590317310759}",0.5240548251599892,1.0701,65550078951.894646,,,,,,,,,,,,,,,,
1614643200,36.86070027540456,40.30197362862492,0.027129164463195337,27.55436395581,3.65286336770764,24.23529350874279,0.668528346431363,0.647958440014347,"{'h': 5.077370359396289, 'l': 1.0779144402659964, 'v': 3.390978535673797}",0.31337876168995604,1.0773000000000001,65679013582.23898,,,,,,,,,,,,,,,,
1614729600,43.21732267953476,42.361461502284875,0.02313886974015497,24.6511069707697,3.26087646412077,33.24415574657704,0.668481469306605,0.660815696153371,"{'h': 5.072836859820534, 'l': 1.0785811169412403, 'v': 3.5552154221448813}",0.48019602612459455,1.0458,65815449712.27085,,,,,,,,,,,,,,,,
1614816000,37.67563544221351,41.01372175496502,0.026542352591074125,25.3955712737324,3.47136574074074,79.669833317582,0.668922754656796,0.649340702166215,"{'h': 5.0673217604913905, 'l': 1.0791753110004418, 'v': 3.4478169537158903}",0.3756817084967224,1.0964,66429744083.27937,,,,,,,,,,,,,,,,
1614902400,41.67297345519975,40.4775483640858,0.02399636783957937,21.7916993452889,2.91912910185202,27.70494071033827,0.669479117719135,0.647338780355022,"{'h': 5.061931379338461, 'l': 1.079591209213833, 'v': 3.404734063802385}",0.3354537837140987,1.0454,66873217096.66072,,,,,,,,,,,,,,,,
1614988800,42.378620960712006,43.41267322503583,0.023596803702675247,25.7473069642475,3.13804408402907,17.575110079666793,0.669362555668566,0.668148760090953,"{'h': 5.05998959450239, 'l': 1.0798824317804636, 'v': 3.661083682404463}",0.5941022641800029,1.0441,67019178366.6115,,,,,,,,,,,,,,,,
1615075200,22.27975010998899,44.508867525764835,0.044883806822934524,23.4074754601509,2.99558447222191,24.224673419962972,0.669413269999388,0.680133268493801,"{'h': 5.061687845811856, 'l': 1.079639917182889, 'v': 3.8065257405583033}",0.7391793089886696,1.0278,67700247112.091644,,,,,,,,,,,,,,,,
1615161600,36.07583063348043,46.73641464647815,0.02771938947600954,24.3123490211836,3.18761685636584,16.784780569952147,0.669439354415406,0.694574567513434,"{'h': 5.065590625072578, 'l': 1.0786827029128878, 'v': 4.040445186814391}",0.9714882226797248,1.0117,68355383987.45288,,,,,,,,,,,,,,,,
1615248000,36.62875979704797,47.07173891049227,0.02730095164403009,25.1413325772962,3.28071519965375,23.612768249727928,0.669360895377131,0.698036601039213,"{'h': 5.072976129206676, 'l': 1.0774345085713015, 'v': 4.082371494898045}",1.0082900108535433,0.9897,68863270907.92676,,,,,,,,,,,,,,,,
1615334400,38.342806194983204,45.075033524168894,0.02608051155449443,32.4498069995353,3.37728749454297,24.776759236363638,0.669339973632821,0.687144613798014,"{'h': 5.077246969330751, 'l': 1.076904035030772, 'v': 3.904652509719626}",0.8275060624857976,1.0114,69298335066.30399,,,,,,,,,,,,,,,,
1615420800,37.31034152265239,45.18410006192655,0.026802220488731408,29.3830251061898,3.26370768298705,23.382579337919875,0.669320413044925,0.689749668123916,"{'h': 5.082156767600769, 'l': 1.0763853525290497, 'v': 3.916322385211874}",0.8358453225738824,1.02,69649982821.99304,,,,,,,,,,,,,,,,
1615507200,29.77061112924938,43.19289960592232,0.03359017373403894,23.6119949709198,2.87070055706082,30.813331673501523,0.6694324701047,0.674821141175137,"{'h': 5.0835228748838865, 'l': 1.0762563059066936, 'v': 3.7467353766224485}",0.6656365627279573,1.0207,70065379409.5911,,,,,,,,,,,,,,,,
1615593600,48.66102708095878,46.62963668280947,0.020550326616334477,24.830499611616,2.62948591631872,25.439123758774407,0.66938354618666,0.698550638779521,"{'h': 5.090960917890374, 'l': 1.075256765175736, 'v': 4.060550051593528}",0.9736187456934219,1.0471,70357067119.01157,,,,,,,,,,,,,,,,
1615680000,67.93149181233926,45.00441415522663,0.014720713079031151,27.7435816548261,2.66655551701508,57.91900000828844,0.669326821596013,0.688086135407848,"{'h': 5.096506778473393, 'l': 1.0747955098661297, 'v': 3.932089043429083}",0.8418683915640187,1.0282,70686214674.00261,,,,,,,,,,,,,,,,
1615766400,32.17666568726918,42.66541293201667,0.0310784221621712,28.6395248626834,2.68620781944582,46.550402249207814,0.669629165442619,0.673512687048855,"{'h': 5.1000441087182615, 'l': 1.0748819770580234, 'v': 3.746675813376715}",0.6550918933709341,1.0244,71128776236.9943,,,,,,,,,,,,,,,,
1615852800,37.643355723169606,42.46743147234126,0.026565113040240902,23.6808641164613,2.39001588680678,25.403381642698204,0.669921957759088,0.6741573696615,"{'h': 5.1026868498544555, 'l': 1.0748016714820436, 'v': 3.751088245976561}",0.6577585566388482,1.0395999999999999,71585583142.58258,,,,,,,,,,,,,,,,
1615939200,40.836700042807884,42.88702737379717,0.02448777690047751,22.3095735782085,2.16354096863557,24.344901817503615,0.669843628697911,0.678126252834644,"{'h': 5.105616298444416, 'l': 1.0746013721581908, 'v': 3.803498208308637}",0.7079005025313355,1.2143000000000002,71863131318.91054,,,,,,,,,,,,,,,,
1616025600,45.22784098212308,41.75464467231631,0.02211027496084245,23.6413729693604,2.28265424745502,20.49009415297937,0.669800190653983,0.671188816509967,"{'h': 5.104742599351786, 'l': 1.0747066843700779, 'v': 3.6934152306039367}",0.5991912742005874,1.1472,72203409974.01176,,,,,,,,,,,,,,,,
1616112000,52.899202611345444,42.34964755409703,0.018903876630184346,23.932749954565,2.4509112498854,29.30384348685422,0.669647425415507,0.675550909484399,"{'h': 5.106745364253348, 'l': 1.074644880266154, 'v': 3.7232307809630187}",0.6274998961114945,0.9335,72397625647.58658,,,,,,,,,,,,,,,,
1616198400,64.79883302886006,42.16285221412401,0.015432376684231653,25.5044839585265,2.76101342291744,44.334415211325556,0.669670673210718,0.675093990132292,"{'h': 5.110188499906282, 'l': 1.074981334284253, 'v': 3.695058614002344}",0.5972171164245097,0.8640000000000001,72661381804.79732,,,,,,,,,,,,,,,,
1616284800,59.088430815765506,41.377902689898285,0.016923786707383467,24.3083952064152,2.91820622453811,22.7308312211607,0.669532150690639,0.670659464543755,"{'h': 5.114490427072706, 'l': 1.0765061027337333, 'v': 3.625870036620331}",0.5253826950444488,0.841,72812942765.25462,,,,,,,,,,,,,,,,
1616371200,42.53710606284073,38.922971058906334,0.02350888653597366,22.9382878404498,2.70213119733665,27.521047746133664,0.669394011526806,0.656470866770136,"{'h': 5.117884527845199, 'l': 1.0810946613084274, 'v': 3.4211118289543436}",0.31869108376795974,0.8499,72972487174.84805,,,,,,,,,,,,,,,,
1616457600,46.345249794082356,38.47245750513791,0.021577184381206767,23.2911574323288,2.77456915648171,24.650043792992008,0.669367080763245,0.65442320779955,"{'h': 5.120926443166564, 'l': 1.085764176227808, 'v': 3.3805081814474867}",0.27474768389977827,0.7995,73098480803.01172,,,,,,,,,,,,,,,,
1616544000,46.33470791456848,36.24556201059849,0.02158209353221328,22.9490746624788,2.63185895578729,40.60410878328522,0.669257268524529,0.641052609520582,"{'h': 5.121893742781456, 'l': 1.0945658662478652, 'v': 3.1901222213150224}",0.08133672679349731,0.8779,73184866070.4574,,,,,,,,,,,,,,,,
1616630400,27.494239231276357,35.85156048718976,0.036371255505132864,22.3447266921819,2.71111172532318,91.3570353859337,0.669769349409523,0.638618112737943,"{'h': 5.123028972786187, 'l': 1.1019385951720873, 'v': 3.1669676982979635}",0.05419814945930572,0.8306,73408279426.37752,,,,,,,,,,,,,,,,
1616716800,40.678886441805666,37.989692148745554,0.024582777147318876,23.7919884007707,2.78104809386587,51.24370300412543,0.671155945795543,0.653582237022284,"{'h': 5.125409166373889, 'l': 1.1101748101816495, 'v': 3.368905526887964}",0.25016077900701456,0.7966,73923074998.94514,,,,,,,,,,,,,,,,
1616803200,60.90123720089807,38.263430367321725,0.016420027670394414,25.4269434722131,2.84098817361174,29.08998373126846,0.671276661574243,0.656241559036966,"{'h': 5.127433697087513, 'l': 1.1200552292293535, 'v': 3.3851409948817053}",0.2609152430396541,0.7955,74125429719.2092,,,,,,,,,,,,,,,,
1616889600,71.00874564785255,37.66120628569764,0.014082772352566433,24.9011359224305,2.94685526851979,29.108373983920604,0.671129473400932,0.650790071939581,"{'h': 5.12905037123615, 'l': 1.1288810360285764, 'v': 3.3029705143107893}",0.1739974447050721,0.8072,74232444187.7789,,,,,,,,,,,,,,,,
1616976000,38.243710527153276,40.34399045022809,0.026148090397504545,24.3573584163382,3.04329435358721,20.552054248760133,0.670975604937986,0.671734960530377,"{'h': 5.1328866489993485, 'l': 1.1371702895834455, 'v': 3.554748264399033}",0.4201697591657791,0.8434999999999999,74371057036.94295,,,,,,,,,,,,,,,,
1617062400,34.875994946220764,40.6170165916949,0.028673017115124974,23.4728272978003,2.86784221550933,36.75106552040302,0.671104305418735,0.673922769487357,"{'h': 5.13707296496436, 'l': 1.1453823447258176, 'v': 3.595952657044246}",0.4556715892695946,0.8462999999999999,74807351402.19998,,,,,,,,,,,,,,,,
1617148800,33.30805846301231,41.807985792215554,0.030022764644492047,22.9070804772034,2.3076313589127,32.650149468260274,0.671284735549928,0.683926506431453,"{'h': 5.142591768394966, 'l': 1.1530315778229772, 'v': 3.7222171012385736}",0.5759085219338412,0.8454,75339096115.34657,,,,,,,,,,,,,,,,
1617235200,38.965125790000805,42.78749697268143,0.02566397463694623,24.0216828119029,2.2392047934041,29.840262108593585,0.671372345950792,0.691521237793893,"{'h': 5.148926822085793, 'l': 1.1625007966268153, 'v': 3.843118376185844}",0.6897452128191895,0.8203,75809529424.25491,,,,,,,,,,,,,,,,
1617321600,27.656858966484602,45.69650051444128,0.03615739593609779,26.8727131733329,2.57230244884336,29.121210505169977,0.671540297405294,0.711549778275999,"{'h': 5.158512792716081, 'l': 1.1705615173951796, 'v': 4.085537949866568}",0.9237833977666409,0.8273999999999999,76432282765.06691,,,,,,,,,,,,,,,,
1617408000,27.135263385260583,42.97329981716382,0.03685241546404827,27.702889823421,2.70080830025176,21.699700185634157,0.671697084527419,0.700334321097107,"{'h': 5.163892548367098, 'l': 1.1809976127086068, 'v': 3.8000158137463598}",0.630265917978327,0.7947,77400572908.18692,,,,,,,,,,,,,,,,
1617494400,54.8429437533718,44.60964429083609,0.018233886286210137,27.7668695086866,3.00394093611174,130.48591418453714,0.672718094495741,0.7047274808642,"{'h': 5.170188685000577, 'l': 1.191773887516986, 'v': 3.8997584418516897}",0.7226769376059494,0.7822,78510212701.56703,,,,,,,,,,,,,,,,
1617580800,32.59374624504756,44.60124001454893,0.03068073220186969,27.3613688705812,3.06872789895921,68.45820950010648,0.673058339559226,0.702010117849577,"{'h': 5.177207109682758, 'l': 1.2008898559672043, 'v': 3.9271001042501346}",0.7424474198938757,0.8011,79061766516.99979,,,,,,,,,,,,,,,,
1617667200,40.56853215739354,45.02708282049071,0.024649647074247223,28.8118584205748,3.06815899201289,27.292701998269663,0.673552150251396,0.702693721582625,"{'h': 5.183768310735529, 'l': 1.210758166284244, 'v': 3.9146235314357423}",0.7222335376391855,0.7833,79838802859.72932,,,,,,,,,,,,,,,,
1617753600,38.683284889586425,42.03841493568376,0.025850958698422247,28.8712047008375,3.0933103505798,34.75507911295265,0.673532739268465,0.680977620772022,"{'h': 5.187116775189875, 'l': 1.2214235230021302, 'v': 3.642398157107237}",0.4419182020894164,0.7228,80210280313.15837,,,,,,,,,,,,,,,,
1617840000,42.82118239896697,44.57919203924343,0.023352928246654962,26.7422039160947,3.03880451284625,18.02539543725599,0.673597677708467,0.696256471934095,"{'h': 5.191454392071622, 'l': 1.2337042930509126, 'v': 3.802644208319719}",0.5963639451661744,0.7369,80500040292.51523,,,,,,,,,,,,,,,,
1617926400,45.92322613447505,44.0926236040429,0.021775473636624354,27.5412365098399,3.08423440648174,29.284459293266107,0.673463421293727,0.691708003816181,"{'h': 5.193728443281588, 'l': 1.2491258417367508, 'v': 3.7348270349506274}",0.5206100023768111,0.7369,80829009329.0056,,,,,,,,,,,,,,,,
1618012800,46.39691120545969,45.366574256207805,0.021553158906887027,32.6276713812904,3.51427493761535,14.468231462567353,0.673352278608111,0.700853398781057,"{'h': 5.1965924486275545, 'l': 1.2645227012612545, 'v': 3.8011641943882863}",0.5804643926533337,0.7369,81197841645.05217,,,,,,,,,,,,,,,,
1618099200,63.638493780904604,46.14278905073679,0.015713759716608197,34.1882187365937,4.06625771087905,69.80110734755257,0.673199918143175,0.702020910296323,"{'h': 5.198277183421199, 'l': 1.2827945876971838, 'v': 3.825716910542944}",0.5978124133385871,0.8606999999999999,81483509903.81905,,,,,,,,,,,,,,,,
1618185600,45.10259897871084,45.68736235484724,0.0221716713148175,32.1693146834925,4.19332628333458,21.25123661632056,0.673349939706709,0.699757211984638,"{'h': 5.200880342752015, 'l': 1.2983869546170026, 'v': 3.806048301510266}",0.5703170742248624,0.8729,81947747805.96646,,,,,,,,,,,,,,,,
1618272000,34.31998300014067,48.75555752154775,0.029137543570342136,31.1507430078392,3.84778241235073,27.417783300409603,0.6733313259904,0.718108214647862,"{'h': 5.206047837164106, 'l': 1.3135944885065358, 'v': 4.033412979571514}",0.7949657940054587,0.8443,82420626435.27345,,,,,,,,,,,,,,,,
1618358400,30.123188803552736,51.304844938028786,0.03319701664128134,33.5905906447409,3.90798697488451,30.321847128563466,0.673472022840289,0.728975522019748,"{'h': 5.213164860607428, 'l': 1.3283440167808702, 'v': 4.188949623805984}",0.9454183057846345,0.7820999999999999,83294762625.43723,,,,,,,,,,,,,,,,
1618444800,47.600230085206896,53.01482532953485,0.02100830181303636,33.9127851508729,4.08822910300835,36.61464293606464,0.673603421723521,0.736105496391635,"{'h': 5.221534509920554, 'l': 1.3427653599839067, 'v': 4.287160149374143}",1.0364217880183235,0.7504000000000001,84258903087.10901,,,,,,,,,,,,,,,,
1618531200,31.543554342204597,50.656704947016124,0.03170219782943172,29.6231865370133,2.89183363992859,36.26072955852124,0.673803005055196,0.722505967593834,"{'h': 5.226796913249029, 'l': 1.3587142083708095, 'v': 4.104081395211517}",0.8389953331436237,0.7728,85516965426.47519,,,,,,,,,,,,,,,,
1618617600,44.29095841338265,48.70237729549869,0.022577971573038865,26.5339967832318,2.23451769814723,33.14157267172116,0.673849525935789,0.711421344892812,"{'h': 5.229310050774974, 'l': 1.3748550383455684, 'v': 3.8775102379499886}",0.5971559574924534,0.6662,86263581982.95639,,,,,,,,,,,,,,,,
1618704000,21.02082446155427,45.412815195562274,0.04757187339768407,26.4761069037835,2.4919661185173,24.37398151857369,0.673991111871519,0.694712572283583,"{'h': 5.229810964282655, 'l': 1.3913107882775824, 'v': 3.7017521953738544}",0.407650177055215,0.7186,87000838372.04985,,,,,,,,,,,,,,,,
1618790400,36.32964542870875,44.00574039531884,0.027525729695390053,26.5940045841433,2.37963913969971,28.92442297429043,0.674176862894093,0.683535265377108,"{'h': 5.228810378154444, 'l': 1.4083762281587304, 'v': 3.5795075832991134}",0.27317762316915617,0.7331,87730334139.61015,,,,,,,,,,,,,,,,
1618876800,40.53595470458654,47.52583468479613,0.02466945720873456,20.6028009853791,1.60078832488369,23.900939555768556,0.67426934168717,0.702049498175386,"{'h': 5.229396393705847, 'l': 1.426766625315077, 'v': 3.8251427750183304}",0.5228605420802975,0.7206,88252200095.24112,,,,,,,,,,,,,,,,
1618963200,33.79182531746135,47.93656621811759,0.029592956006530575,26.1432483426471,2.00516744004631,21.900177376295304,0.674226253415792,0.703583814284117,"{'h': 5.229964467516874, 'l': 1.4455882544562033, 'v': 3.856011442579977}",0.5477627512876772,0.7313,88812071653.40596,,,,,,,,,,,,,,,,
1619049600,23.245683675010998,48.339231471309034,0.04301873904767083,28.5011324541499,2.52164859641205,26.665366554668392,0.674310555304368,0.704999764120255,"{'h': 5.231350328479941, 'l': 1.4639913885053475, 'v': 3.926297710482566}",0.6143580807766872,0.8654999999999999,89845941593.33223,,,,,,,,,,,,,,,,
1619136000,26.349764370778065,46.780108144683716,0.037951003505329324,28.2879726887553,2.6115698813647,21.924272460813373,0.674533137632502,0.696749851757003,"{'h': 5.2317731269091, 'l': 1.4826183438180347, 'v': 3.855991968696299}",0.5321692618105133,0.8405,90709933742.91971,,,,,,,,,,,,,,,,
1619222400,53.541597645114,43.66957803205838,0.018677066878508734,49.7593896473224,3.78416915405128,24.529486040732184,0.674485303454149,0.677535167908147,"{'h': 5.228676161645119, 'l': 1.5025477005196888, 'v': 3.5638974993973696}",0.21285961596189992,0.9231,91053864077.14313,,,,,,,,,,,,,,,,
1619308800,58.827897666976725,45.833261004493295,0.01699873766798493,58.4889666720651,4.92940252847142,53.92028180937075,0.674455200195962,0.688382512584118,"{'h': 5.226278588234388, 'l': 1.5227396389762986, 'v': 3.670292441097385}",0.3194602044634031,0.8358,91322426527.13211,,,,,,,,,,,,,,,,
1619395200,39.829034212577646,50.06645214794057,0.025107312285373197,45.9685402876826,4.69755375659852,36.956564098578646,0.674594089960059,0.713776492590879,"{'h': 5.227442187495024, 'l': 1.5422871764994268, 'v': 4.005339590297899}",0.6734858169594808,0.8046,91870936415.66302,,,,,,,,,,,,,,,,
1619481600,37.24262728732843,52.231885605866424,0.026850952063208592,35.5659980902258,4.41200427314749,23.99261641381895,0.67466989611946,0.725102382740267,"{'h': 5.231305230682848, 'l': 1.5601853338760303, 'v': 4.181833351785215}",0.8565103746020658,0.7866,92708355156.09169,,,,,,,,,,,,,,,,
1619568000,33.38526994817399,53.4129390803517,0.029953329763466388,35.4868043612985,4.28133942488443,25.103722708607812,0.674683251839205,0.732122277947373,"{'h': 5.236365686444333, 'l': 1.5776822404003283, 'v': 4.276683483863646}",0.9507895758313233,0.7753,93620557603.65926,,,,,,,,,,,,,,,,
1619654400,36.14242233024296,53.46362812152239,0.02766831705032754,31.6683490097083,4.2851196178242,33.10932218609003,0.674691334208151,0.729039859775372,"{'h': 5.241442069814886, 'l': 1.5950942526429168, 'v': 4.286625137607924}",0.9525772306082445,0.7778,94550142437.69942,,,,,,,,,,,,,,,,
1619740800,37.54946937216521,53.38245321980442,0.026631534791841376,34.8022529335044,4.43774227094871,23.120949570450254,0.674789011098065,0.728945531368972,"{'h': 5.2450992171681845, 'l': 1.6120003809681769, 'v': 4.1584371648881975}",0.8035975884250183,0.784,95839811819.7831,,,,,,,,,,,,,,,,
1619827200,49.41487751891443,56.41486502891787,0.02023682037089401,52.6476802682702,5.98659528865858,25.15559905059878,0.674709242304117,0.7426026087379,"{'h': 5.2510449774911745, 'l': 1.629053740448777, 'v': 4.365261774343207}",1.0217721190609286,0.7912,96525223954.51425,,,,,,,,,,,,,,,,
1619913600,66.63455772674969,56.46913588279247,0.015007227992729083,43.8157728433275,5.13836805555556,36.97013395478209,0.674611465855771,0.741297495098535,"{'h': 5.256471319233117, 'l': 1.646612850934259, 'v': 4.356487101683616}",1.0027484728800264,0.7959,97232805356.02393,,,,,,,,,,,,,,,,
1620000000,28.779319096159288,64.96148394503821,0.034747173713830286,43.2021915838706,5.34872115185139,50.34015680501992,0.674829641707873,0.771705697332963,"{'h': 5.274243867795999, 'l': 1.6587656285027241, 'v': 5.040094015449565}",1.7409472973155509,0.828,98488844107.94598,,,,,,,,,,,,,,,,
