"id","name","description","portfolio","lastTrade","netWorth","lastUpdateWorth"
8,aperankday,aperank social daily bot,"{""USDT"": 5452.474685050443, ""BTCUSDT"": 0.03153290304191404, ""ETHUSDT"": 0.37954444269635973, ""LRCUSDT"": 0.0, ""ADAUSDT"": 822.3296849964173, ""DOTUSDT"": 0.0, ""APEUSDT"": 0.0, ""LUNAUSDT"": 0.0, ""XRPUSDT"": 306.00452713707966, ""USDCUSDT"": 0.0, ""VETUSDT"": 0.0, ""SOLUSDT"": 2.88434720868968, ""USTUSDT"": 0.0}",2022-03-28 10:18:43.578,9887.493021884064,2022-04-04 07:01:20.313
1,test,your casual next door bot,"{""USDT"": 8296.992623026677, ""MATICUSDT"": 0.00059807673249479, ""AVAXUSDT"": 20.0}",2022-03-24 13:33:28.885,10240.792276289678,2022-04-04 07:01:20.562
7,CGtrendday,takes coingecko trending daily and invests in the top 7,"{""USDT"": 2885.4025646613345, ""WAVESUSDT"": 0.0, ""GMTUSDT"": 2213.82666268259, ""ZILUSDT"": 0.0, ""AXSUSDT"": 0.0, ""APEUSDT"": 0.0, ""SOLUSDT"": 0.0, ""BAKEUSDT"": 0.0, ""BSWUSDT"": 0.0, ""UTKUSDT"": 3928.0095800949603, ""GLMRUSDT"": 150.75408095090165}",2022-03-28 10:17:35.778,10168.166802569454,2022-04-04 07:01:20.566
10,calcSMA,calculates best sma windows for given symbols,"{""USDT"": 10048.284727400565, ""AVAXUSDT"": 0.0, ""XRPUSDT"": 0.0, ""ETHUSDT"": 0.0}",2022-03-28 16:15:33.902,10048.284727400565,2022-04-04 07:01:20.570
11,calcSMARSI,"calculates best SMA ratio, but only acts if rsi < 30 or > 70","{""USDT"": 9916.144260865458, ""BNBUSDT"": 0.0, ""XRPUSDT"": 0.0, ""ETHUSDT"": 0.0}",2022-03-31 13:43:35.095,9916.144260865458,2022-04-04 07:01:20.573
2,aperankhr,looks at aperank dailies and buys top 10 ranks,"{""USDT"": 10449.600935057246, ""BTCUSDT"": 0.0, ""ETHUSDT"": 0.0, ""LRCUSDT"": 0.0, ""ADAUSDT"": 0.0, ""USTUSDT"": 0.0, ""XRPUSDT"": 0.0, ""ALGOUSDT"": 0.0, ""DOTUSDT"": 0.0, ""VETUSDT"": 0.0, ""LUNAUSDT"": 0.0, ""APEUSDT"": 0.0, ""BUSDUSDT"": 0.0, ""GRTUSDT"": 0.0, ""ANYUSDT"": 0.0, ""WAVESUSDT"": 0.0, ""USDCUSDT"": 0.0, ""SOLUSDT"": 0.0, ""ATOMUSDT"": 0.0, ""AVAXUSDT"": 0.0, ""XMRUSDT"": 0.0, ""BCHUSDT"": 0.0, ""ATMUSDT"": 0.0, ""AAVEUSDT"": 0.0, ""AXSUSDT"": 0.0, ""SHIBUSDT"": 0.0, ""ZILUSDT"": 0.0, ""BATUSDT"": 0.0, ""NEARUSDT"": 0.0, ""ICPUSDT"": 0.0, ""SUNUSDT"": 0.0, ""DASHUSDT"": 0.0}",2022-03-24 16:28:53.629,10449.600935057246,2022-04-04 07:01:23.755
6,CGtrendhr,takes coingecko trending hourly and invests in the top 7,"{""USDT"": 0.1497187007045446, ""APEUSDT"": 0.0, ""GMTUSDT"": 4043.5185360838827, ""ZILUSDT"": 0.0, ""VETUSDT"": 0.0, ""FTMUSDT"": 0.0, ""SOLUSDT"": 0.0, ""GNOUSDT"": 0.0, ""LRCUSDT"": 0.0, ""LUNAUSDT"": 0.0, ""WAVESUSDT"": 2.2438021915205253, ""AXSUSDT"": 0.0, ""CHRUSDT"": 0.0, ""BTCUSDT"": 0.0, ""BAKEUSDT"": 0.0, ""BNBUSDT"": 0.0, ""BSWUSDT"": 0.0, ""PYRUSDT"": 0.0, ""ASTRUSDT"": 0.0, ""GLMRUSDT"": 6.2830290868128325, ""FXSUSDT"": 0.0, ""UTKUSDT"": 0.0, ""SLPUSDT"": 0.0, ""NEARUSDT"": 0.19064039350648937}",2022-03-28 08:59:37.927,9959.776004728988,2022-04-04 07:01:19.576
14,randombot,random investments for benchmark purposes,"{""USDT"": 676.0863687504327, ""AVAXUSDT"": 53.73631551522168, ""BNBUSDT"": 5.752368251132107, ""XRPUSDT"": 1498.8502589360064, ""ETHUSDT"": 0.18173773515581454}",2022-04-01 12:22:52.652,10371.882173411599,2022-04-04 07:01:12.769
9,simplsmahr,"sma golden cross 50 EMA above 200 SMA for [""ETHUSDT"", ""AVAXUSDT"", ""BNBUSDT"", ""LUNAUSDT""]","{""USDT"": 9988.950728352847, ""AVAXUSDT"": 0.0, ""XRPUSDT"": 0.0, ""BNBUSDT"": 0.0}",2022-03-28 10:25:55.385,9988.950728352847,2022-04-04 07:01:12.774
12,RSIsimple,really basic buy sell if rsi below or above 30 70,"{""USDT"": 10000.0}",2022-03-31 13:57:50.415,10000.0,2022-04-04 07:01:12.778
4,DeFiAllIn,"all in Cardano, Terra, and Avalanche","{""USDT"": 0.5162499999999994, ""ADAUSDT"": 2806.6152056475426, ""LUNAUSDT"": 34.90633650581198, ""AVAXUSDT"": 37.58711291372065, ""SHIBUSDT"": 3509479.628882614}",2022-03-24 17:02:30.728,11135.572155100106,2022-04-04 07:01:14.219
3,ethallin,all in eth ,"{""USDT"": 7.524999999999636, ""ETHUSDT"": 3.208316787299046}",2022-03-24 17:00:32.222,11244.052536386287,2022-04-04 07:01:14.224
5,MemeAllin,memecoin allin,"{""USDT"": 7.524999999999636, ""SHIBUSDT"": 80677692.61799112, ""DOGEUSDT"": 14710.694697110841, ""APEUSDT"": 146.97791391695242, ""LRCUSDT"": 1872.3087667824864, ""VETUSDT"": 34235.460779043475}",2022-03-24 17:04:15.363,11060.453413694559,2022-04-04 07:01:15.196
13,LSTMsimple,basic LSTM implementation,"{""USDT"": 0.1087047987812646, ""AVAXUSDT"": 105.17958229658187, ""ETHUSDT"": 0.0006053250855077275, ""XRPUSDT"": 0.0, ""BNBUSDT"": 0.0}",2022-03-31 14:27:34.693,10224.625244006485,2022-04-04 07:01:15.201
